<?xml version="1.0" encoding="utf-8" standalone="yes"?>
<rss version="2.0" xmlns:atom="http://www.w3.org/2005/Atom">
  <channel>
    <title>Tags on RNakanishi</title>
    <link>rnakanishi.com/tags/</link>
    <description>Recent content in Tags on RNakanishi</description>
    <generator>Hugo -- gohugo.io</generator>
    <language>en</language>
    <lastBuildDate>Wed, 19 Aug 2020 09:39:36 -0300</lastBuildDate><atom:link href="rnakanishi.com/tags/index.xml" rel="self" type="application/rss+xml" />
    <item>
      <title>publication</title>
      <link>rnakanishi.com/tags/publication/</link>
      <pubDate>Wed, 19 Aug 2020 09:39:36 -0300</pubDate>
      
      <guid>rnakanishi.com/tags/publication/</guid>
      <description></description>
    </item>
    
  </channel>
</rss>
