<?xml version="1.0" encoding="utf-8" standalone="yes"?>
<rss version="2.0" xmlns:atom="http://www.w3.org/2005/Atom">
  <channel>
    <title>publication on RNakanishi</title>
    <link>rnakanishi.com/tags/publication/</link>
    <description>Recent content in publication on RNakanishi</description>
    <generator>Hugo -- gohugo.io</generator>
    <language>en</language>
    <lastBuildDate>Wed, 19 Aug 2020 09:39:36 -0300</lastBuildDate><atom:link href="rnakanishi.com/tags/publication/index.xml" rel="self" type="application/rss+xml" />
    <item>
      <title>RBF Liquids: An Adaptive PIC Solver Using RBF-FD</title>
      <link>rnakanishi.com/post/rbf-liquids-adaptive-pic-solver-using-rbf/</link>
      <pubDate>Wed, 19 Aug 2020 09:39:36 -0300</pubDate>
      
      <guid>rnakanishi.com/post/rbf-liquids-adaptive-pic-solver-using-rbf/</guid>
      <description>We introduce a novel liquid simulation approach that combines a spatially adaptive pressure projection solver with the Particle-in-Cell (PIC) method. The solver relies on a generalized version of the Finite Difference (FD) method to approximate the pressure field and its gradients in tree-based grid discretizations, possibly non-graded. We also present a data structure that connects the spatial subdivision of a quadtree/octree with the topology of its corresponding dual-graph.</description>
    </item>
    
    <item>
      <title>3D shape retrieval using temporal series features</title>
      <link>rnakanishi.com/post/master-thesis/</link>
      <pubDate>Tue, 24 May 2016 00:00:00 +0000</pubDate>
      
      <guid>rnakanishi.com/post/master-thesis/</guid>
      <description>&lt;h1 id=&#34;abstract&#34;&gt;Abstract&lt;/h1&gt;
&lt;p&gt;With the increasing data storage capacity of databases and personal computers, arises the necessity of computer algorithms capable of performing processing for automatic recovery of data and information.
This fact is no different for three-dimensional objects stored in files.
In this Master&amp;rsquo;s Thesis we studied new techniques for processing such data objects using an unusual approach to the geometric processing area: techniques for analyzing time series, such as scattering wavelets and recurrence plots.
For shape retrieval problem, i.e., given a tridimensional mesh try finding other meshes that are visually similar, our method extract only one feature - Gaussian curvature and surface variation, for example - and organize it as a series using information given by Fiedler vector.
Then, the next step is to process the resulting series using a technique called scattering wavelets, that is capable of analyzing the temporal behavior of a set of serial data.
For this problem, the results are comparable with other approaches reported in the literature that use multiple characteristics to find a matching mesh.
In the case of partial retrieval of objects, in which only a part of the object is given as search parameter, it is necessary to perform a segmentation of the meshes in order to find other parts that are visually similar to the query. By using Recurrence Plot to analyze the objects, our method can find not only the most similar region within the same (or other) object, but also get all the regions that are similar to the search parameter.&lt;/p&gt;</description>
    </item>
    
  </channel>
</rss>
