<?xml version="1.0" encoding="utf-8" standalone="yes"?>
<rss version="2.0" xmlns:atom="http://www.w3.org/2005/Atom">
  <channel>
    <title>RNakanishi</title>
    <link>rnakanishi.com/pt-br/</link>
    <description>Recent content on RNakanishi</description>
    <generator>Hugo -- gohugo.io</generator>
    <language>pt-br</language><atom:link href="rnakanishi.com/pt-br/index.xml" rel="self" type="application/rss+xml" />
    <item>
      <title>Sobre mim</title>
      <link>rnakanishi.com/pt-br/about/</link>
      <pubDate>Mon, 01 Jan 0001 00:00:00 +0000</pubDate>
      
      <guid>rnakanishi.com/pt-br/about/</guid>
      <description>Olá~! Obrigado por aparecer.
Meu nome é Rafael Umino Nakanishi, possuo Ph.D. em Ciências da Computação e Matemática Computacional na área de Simulação Numérica de Fluidos, pelo Instituto de Ciências Matemáticas e de Computação (ICMC-USP). Possuo Bacharelado em Ciências da Computação e Mestrado em Matemática Computacional. Atualmente atuo como Desenvolvedor Técnico de Pipeline na Assembly FX desde Janeiro de 2023
Posuo experiência atuando como Engenheiro de Pipeline na Wildlife Studios (Março 2021 - Novembro 2021), no departamento de Marketing, tendo desenvolvido ferramentas como transcrição de rigs de animação. Nesse projeto, eu desenvolvi uma ferramenta utilizando o software Maya para correlacionar e adaptar diferentes tipos de rigs usados internamente no estúdio, de forma que fosse possível variar entre rigs de animação em Maya e rigs mais simples usados na Unity.</description>
    </item>
    
  </channel>
</rss>
